id	data
0	{"recognizeObjects": [{"x": 10.272331237792969, "y": 3.0378270149230957, "width": 1185.1809692382812, "height": 713.7784767150879, "score": 0.8580729365348816, "name": "person"}]}